{"src_seg_loss": 0.3924819827079773, "seg_model_lr": 0.0023703704941413096, "_timestamp": 1660951295.912865, "_runtime": 19267.45829987526, "_step": 428, "tar_mIoU": 0.38978487253189087, "target_seg_loss": 0.02803203836083412, "adv_loss": 0.43789607286453247, "dis_loss": 0.05852128565311432, "dis_model_lr": 2.3703704941413098e-05, "_wandb": {"runtime": 19261}}