{"src_seg_loss": 0.220977321267128, "seg_model_lr": 0.00023703704941413096, "_timestamp": 1661117213.4087908, "_runtime": 20751.36549472809, "_step": 428, "tar_mIoU": 0.46213191747665405, "_wandb": {"runtime": 20744}}