{"src_seg_loss": 0.22921836376190186, "seg_model_lr": 0.0005435973626993919, "_timestamp": 1661089261.9978058, "_runtime": 10609.051126718521, "_step": 263, "tar_mIoU": 0.4445834159851074}