{"src_seg_loss": 0.2621009945869446, "seg_model_lr": 0.00023703704941413096, "_timestamp": 1661096034.4218338, "_runtime": 17381.47515463829, "_step": 428, "tar_mIoU": 0.43846872448921204, "_wandb": {"runtime": 17378}}