{"src_seg_loss": 0.28961819410324097, "seg_model_lr": 0.0023703704941413096, "_timestamp": 1660930125.634325, "_runtime": 18309.667719125748, "_step": 428, "tar_mIoU": 0.5163216590881348, "target_seg_loss": 0.021101705729961395, "adv_loss": 0.37294408679008484, "dis_loss": 0.08266416937112808, "dis_model_lr": 2.3703704941413098e-05, "_wandb": {"runtime": 18306}}