{"src_seg_loss": 0.28126809000968933, "seg_model_lr": 0.00023703704941413096, "_timestamp": 1661161136.6091595, "_runtime": 18492.85936141014, "_step": 428, "tar_mIoU": 0.4695572257041931, "_wandb": {"runtime": 18485}}