{"src_seg_loss": 0.3291012942790985, "seg_model_lr": 0.0023703704941413096, "_timestamp": 1661545394.846347, "_runtime": 18818.100795030594, "_step": 428, "tar_mIoU": 0.520656168460846, "target_seg_loss": 0.030335182324051857, "adv_loss": 0.45281943678855896, "dis_loss": 0.1129053384065628, "dis_model_lr": 2.3703704941413098e-05, "_wandb": {"runtime": 18810}}